zid,MSR,correlation
z5240523,1.971628535486173e+16,0.10112417609607162
