zid,average_precision,average_recall,accuracy
z5240523,0.6715326017651599,0.6500249479029087,0.725
